Europe,,,
Europe,European Union,,
Europe,European Union,Austria,
Europe,European Union,Belgium,
Europe,European Union,Belgium,Flanders
Europe,European Union,Belgium,Wallonia
Europe,European Union,Bulgaria,
Europe,European Union,Croatia,
Europe,European Union,Cyprus,
Europe,European Union,Czech Republic,
Europe,European Union,Denmark,
Europe,European Union,Estonia,
Europe,European Union,Finland,
Europe,European Union,Finland,Mainland
Europe,European Union,Finland,Region of Åland
Europe,European Union,France,
Europe,European Union,France,Alsace
Europe,European Union,France,Aquitaine
Europe,European Union,France,Auvergne
Europe,European Union,France,Basse-normandie
Europe,European Union,France,Bourgogne
Europe,European Union,France,Bretagne
Europe,European Union,France,Centre
Europe,European Union,France,Champagne-Ardenne
Europe,European Union,France,Franche-Comté
Europe,European Union,France,Haute-Normandie
Europe,European Union,France,Ile-de-France
Europe,European Union,France,Languedoc-Roussillon
Europe,European Union,France,Limousin
Europe,European Union,France,Lorraine
Europe,European Union,France,Midi-pyrénées
Europe,European Union,France,Nord-Pas-de-Calais
Europe,European Union,France,PACA
Europe,European Union,France,Pays de la Loire
Europe,European Union,France,Picardie
Europe,European Union,France,Poitou-Charentes
Europe,European Union,France,Rhône-Alpes
Europe,European Union,France,Corse
Europe,European Union,France,Guadeloupe
Europe,European Union,France,Guyane
Europe,European Union,France,Martinique
Europe,European Union,France,Mayotte
Europe,European Union,France,Réunion
Europe,European Union,Germany,
Europe,European Union,Germany,Baden-Württemberg
Europe,European Union,Germany,Bayern
Europe,European Union,Germany,Brandenburg and Berlin
Europe,European Union,Germany,Hessen
Europe,European Union,Germany,Mecklenburg-Vorpommern
Europe,European Union,Germany,Niedersachsen and Bremen
Europe,European Union,Germany,Nordrhein-Westfalen
Europe,European Union,Germany,Rheinland-Pfalz
Europe,European Union,Germany,Saarland
Europe,European Union,Germany,Sachsen
Europe,European Union,Germany,Sachsen-Anhalt
Europe,European Union,Germany,Schleswig-Holstein
Europe,European Union,Germany,Thuringen
Europe,European Union,Greece,
Europe,European Union,Hungary,
Europe,European Union,Ireland,
Europe,European Union,Italy,
Europe,European Union,Italy,Abruzzo
Europe,European Union,Italy,Basilicata
Europe,European Union,Italy,Bolzano
Europe,European Union,Italy,Calabria
Europe,European Union,Italy,Campania
Europe,European Union,Italy,Emilia-Romagna
Europe,European Union,Italy,Friuli Venezia Giulia
Europe,European Union,Italy,Lazio
Europe,European Union,Italy,Liguria
Europe,European Union,Italy,Lombardia
Europe,European Union,Italy,Marche
Europe,European Union,Italy,Molise
Europe,European Union,Italy,Piemonte
Europe,European Union,Italy,Puglia
Europe,European Union,Italy,Sardegna
Europe,European Union,Italy,Sicilia
Europe,European Union,Italy,Toscana
Europe,European Union,Italy,Trento
Europe,European Union,Italy,Umbria
Europe,European Union,Italy,Valle d'Aosta
Europe,European Union,Italy,Veneto
Europe,European Union,Latvia,
Europe,European Union,Lithuania,
Europe,European Union,Luxembourg,
Europe,European Union,Malta,
Europe,European Union,The Netherlands,
Europe,European Union,Poland,
Europe,European Union,Portugal,
Europe,European Union,Portugal,Mainland
Europe,European Union,Portugal,Azores
Europe,European Union,Portugal,Madeira
Europe,European Union,Romania,
Europe,European Union,Slovakia,
Europe,European Union,Slovenia,
Europe,European Union,Spain,
Europe,European Union,Spain,Andalucia
Europe,European Union,Spain,Aragon
Europe,European Union,Spain,Asturias
Europe,European Union,Spain,Islas Baleares
Europe,European Union,Spain,Islas Canarias
Europe,European Union,Spain,Cantabria
Europe,European Union,Spain,Castilla la Mancha
Europe,European Union,Spain,Castilla y Leon
Europe,European Union,Spain,Cataluña
Europe,European Union,Spain,Extremadura
Europe,European Union,Spain,Galicia
Europe,European Union,Spain,La Rioja
Europe,European Union,Spain,Madrid
Europe,European Union,Spain,Murcia
Europe,European Union,Spain,Navarra
Europe,European Union,Spain,Pais Vasco
Europe,European Union,Spain,Valencia
Europe,European Union,Sweden,
Europe,European Union,United Kingdom,
Europe,European Union,United Kingdom,England
Europe,European Union,United Kingdom,Northern Ireland
Europe,European Union,United Kingdom,Scotland
Europe,European Union,United Kingdom,Wales
Europe,Candidate countries,,
Europe,Candidate countries,Albania,
Europe,Candidate countries,Iceland,
Europe,Candidate countries,Montenegro,
Europe,Candidate countries,Republic of North Macedonia,
Europe,Candidate countries,Serbia,
Europe,Other European countries,,
Europe,Other European countries,Andorra,
Europe,Other European countries,Belarus,
Europe,Other European countries,Bosnia and Herzegovina,
Europe,Other European countries,Liechtenstein,
Europe,Other European countries,Monaco,
Europe,Other European countries,Norway,
Europe,Other European countries,Russian Federation,
Europe,Other European countries,San Marino,
Europe,Other European countries,Switzerland,
Europe,Other European countries,Ukraine,
Africa,,,
Africa,Algeria,,
Africa,Angola,,
Africa,Benin,,
Africa,Botswana,,
Africa,Burkina Faso,,
Africa,Burundi,,
Africa,Cameroon,,
Africa,Cape Verde,,
Africa,Central African Republic,,
Africa,Chad,,
Africa,Comoros,,
Africa,Congo [Republic],,
Africa,Democratic Republic of the Congo,,
Africa,Djibouti,,
Africa,Egypt,,
Africa,Equatorial Guinea,,
Africa,Eritrea,,
Africa,Ethiopia,,
Africa,Gabon,,
Africa,Gambia,,
Africa,Ghana,,
Africa,Guinea,,
Africa,Guinea-Bissau,,
Africa,Kenya,,
Africa,Lesotho,,
Africa,Liberia,,
Africa,Libya,,
Africa,Madagascar,,
Africa,Malawi,,
Africa,Mali,,
Africa,Mauritania,,
Africa,Mauritius,,
Africa,Morocco,,
Africa,Mozambique,,
Africa,Namibia,,
Africa,Niger,,
Africa,Nigeria,,
Africa,Rwanda,,
Africa,Sao Tome and Principe,,
Africa,Senegal,,
Africa,Seychelles,,
Africa,SierraLeone,,
Africa,Somalia,,
Africa,South Africa,,
Africa,South Sudan,,
Africa,Sudan,,
Africa,Swaziland,,
Africa,Tanzania,,
Africa,Togo,,
Africa,Tunisia,,
Africa,Uganda,,
Africa,Zambia,,
Africa,Zimbabwe,,
Asia,,,
Asia,Afghanistan,,
Asia,Armenia,,
Asia,Azerbaijan,,
Asia,Bahrain,,
Asia,Bangladesh,,
Asia,Bhutan,,
Asia,Cambodia,,
Asia,China,,
Asia,Georgia,,
Asia,India,,
Asia,Indonesia,,
Asia,Iran (Islamic Republic of),,
Asia,Iraq,,
Asia,Israel,,
Asia,Japan,,
Asia,Jordan,,
Asia,Kazakhstan,,
Asia,Kuwait,,
Asia,Korea, Democratic People's Republic of,,
Asia,Korea, Republic of,,
Asia,Kyrgyzstan,,
Asia,Lao People's Democratic Republic,,
Asia,Lebanon,,
Asia,Malaysia,,
Asia,Maldives,,
Asia,Mongolia,,
Asia,Myanmar,,
Asia,Nepal,,
Asia,Oman,,
Asia,Pakistan,,
Asia,Palestinian Territory, Occupied,,
Asia,Philippines,,
Asia,Qatar,,
Asia,Saudi Arabia,,
Asia,Singapore,,
Asia,Sri Lanka,,
Asia,SyrianArab republic,,
Asia,Taiwan, Republic of China,,
Asia,Tajikistan,,
Asia,Thailand,,
Asia,Turkey,,
Asia,Turkmenistan,,
Asia,United Arab Emirates,,
Asia,Uzbekistan,,
Asia,Vietnam,,
Asia,Yemen,,
North America,,,
North America,Anguilla,,
North America,Antiguaand Barbuda,,
North America,Bahamas,,
North America,Barbados,,
North America,Belize,,
North America,Canada,,
North America,Costa Rica,,
North America,Côte d'Ivoire,,
North America,Cuba,,
North America,Dominica,,
North America,Dominican Republic,,
North America,El Salvador,,
North America,Grenada,,
North America,Guatemala,,
North America,Haiti,,
North America,Honduras,,
North America,Jamaica,,
North America,Mexico,,
North America,Nicaragua,,
North America,Panama,,
North America,Saint Kitts and Nevis,,
North America,Saint Lucia,,
North America,Saint Vincent and the Grenadines,,
North America,United States,,
Oceania,,,
Oceania,Australia,,
Oceania,East Timor,,
Oceania,Fiji,,
Oceania,Kiribati,,
Oceania,Marshall Islands,,
Oceania,Micronesia (Federated states of),,
Oceania,Nauru,,
Oceania,New Zealand,,
Oceania,Palau,,
Oceania,Papua New Guinea,,
Oceania,Samoa,,
Oceania,Solomon Islands,,
Oceania,Tonga,,
Oceania,Tuvalu,,
Oceania,Vanuatu,,
South America,,,
South America,Argentina,,
South America,Bolivia,,
South America,Brazil,,
South America,Chile,,
South America,Colombia,,
South America,Ecuador,,
South America,Guyana,,
South America,Paraguay,,
South America,Peru,,
South America,Suriname,,
South America,Uruguay,,
South America,Venezuela,,
